"num","Sujeto","CIF","OBS","Razon","GWh_15","pp_ventas","Obli_ahoGWh","IEEoa_17_EUR","Ajus_16","IEEoa_17_ajus16_EUR"
"1","pp","B55249858",2.3,"2001 INTERMEDIACIÓN PETRÓLEO GIRONA, S.L.",0,0,0,0,NA,0
"2","pp","A91504464",NA,"ABENGOA BIOENERGÍA  SAN ROQUE, S.A.",0,0,0,0,0,0
"3","ee","B87177408",1,"ABOUT WHITE, S.L.",0.0295,4e-06,0.000115,7.79,0,7.79
"4","ee","B93358513",1,"ACCIÓN ENERGÍA COMERCIALIZADORA, S.L.",0.0516,7e-06,0.000201,13.63,0,13.63
"5","ee","B31737422",NA,"ACCIONA GREEN ENERGY DEVELOPMENTS, S.L.",3678.806046,0.473436,14.304454,971509.62,1364.12,972873.74
"6","ee","B25794207",1,"ADEINNOVA ENERGÍA, S.L.U.",6.034001,0.000777,0.023462,1593.48,0,1593.48
"7","ee+g","B26500231",NA,"ADELFAS ENERGIA, S.L.",6.472,0.000833,0.025165,1709.14,0.84,1709.99
"8","ee","B25687401",1,"A-DOS ENERGÍA, S.L.",11.80474,0.001519,0.045901,3117.43,0,3117.43
"9","ee+g","B66162421",NA,"ADS ENERGY 8,0, S.L.",40.59084,0.005224,0.157831,10719.35,2.12,10721.47
"10","pp","B01525310",1,"ADS OPERADOR PETROLÍFERO,  S.L.",0,0,0,0,0,0
"11","ee","B09378720",NA,"ADURIZ ENERGÍA, S.L.U.",14.7091,0.001893,0.057194,3884.42,5.77,3890.19
"12","pp","A76062967",NA,"AEGEAN BUNKERING COMBUSTIBLES  LAS PALMAS S.A.",0,0,0,0,0,0
"13","ee+g","A62943600",NA,"AGENTE DEL MERCADO ELÉCTRICO, S.A.",252.819,0.032536,0.983047,66765.16,32.07,66797.23
"14","ee","A17000837",NA,"AGRI-ENERGÍA,  S.A.",91.51,0.011777,0.355822,24166.22,32.05,24198.27
"15","ee","A22194856",NA,"AGUAS DE BARBASTRO  ELECTRICIDAD,  S.A.",0,0,0,0,0,0
"16","ee","B22350466",NA,"AGUAS DE BARBASTRO  ENERGÍA, S.L.",146.8,0.018892,0.570809,38767.36,57.09,38824.46
"17","ee","B66024464",NA,"AHORRO ENERGIA HOGAR INVESTMENTS, S.L.",16.9,0.002175,0.065713,4463,1.13,4464.13
"18","ee","B98373269",NA,"ALCANZIA ENERGIA, S.L.",451.307,0.05808,1.754836,119182.44,59.23,119241.67
"19","ee","B86787900",NA,"ALDEFE COMERCIALIZADORA DE ENERGÍA, S.L.U.",7.165,0.000922,0.02786,1892.15,0.47,1892.63
"20","ee+g","B39793294",NA,"ALDRO ENERGÍA Y SOLUCIONES,  S.L.U.",111.238175,0.014316,0.432532,29376.1,3.68,29379.78
"21","ee","B65163818",NA,"ALPAPAT, S.L.U.",0.083138,1.1e-05,0.000323,21.96,0.03,21.98
"22","ee+g","CHE105.974.401",NA,"ALPIQ AG",0,0,0,0,0,0
"23","ee+g","A82405788",2,"ALPIQ ENERGÍA ESPAÑA, S.A.U.",0,0,0,0,0,0
"24","pp","B98735517",1.3,"ANAXIS SPAIN, S.L.",4.140491,0.000533,0.0161,1093.43,NA,1093.43
"25","pp","B18213173",1,"ANCAIS, S.L.",204.887,0.026367,0.796671,54107.14,0,54107.14
"26","ee+g","B93267300",NA,"ANOTHER ENERGY OPTION, S.L.",3.276,0.000422,0.012738,865.14,0.05,865.19
"27","pp","B65994311",3,"ANTRIL 5000, S.L.",476.18255,0.061281,1.85156,125751.65,0,125751.65
"28","ee","B76654771",1,"APELES ELECTRICIDAD,  S.L.",15.711236,0.002022,0.061091,4149.07,0,4149.07
"29","ee","B55639637",1,"AQUÍ ENERGÍA, S.L.",0,0,0,0,0,0
"30","ee","B65519647",NA,"ARACÁN ENERGÍA, S.L.",29.307344,0.003772,0.113957,7739.57,16.14,7755.71
"31","g","LU24894310",2,"ARCELORMITTAL ENERGY S.C.A.",0,0,0,0,0,0
"32","pp","B91507293",2.3,"ARCO FUEL IBERIAN, S.L.",0,0,0,0,NA,0
"33","ee","B78610532",NA,"ARCOS DE GRABA, S.L.",0,0,0,0,0,0
"34","ee","B06688568",2,"ASAL DE ENERGÍA S.L.",0,0,0,0,NA,0
"35","pp","B87292983",1,"ATLANTIC OIL STAR, S.L.",0,0,0,0,0,0
"36","ee","B25732314",NA,"ATLAS ENERGIA COMERCIAL, S.L.",73.72037,0.009487,0.28665,19468.29,17.25,19485.53
"37","glp","A11906773",NA,"ATLAS, S.A. COMBUSTIBLES  Y LUBRIFICANTES",258.85,0.033312,1.006497,68357.85,83.56,68441.41
"38","ee+g","A85258549",NA,"AUDAX ENERGÍA, S.A.",2739.19,0.352514,10.650906,723373.13,743.78,724116.91
"39","ee+g","B65552432",NA,"AURA ENERGÍA, S.L.",277.395,0.035699,1.078607,73255.26,74.41,73329.68
"40","ee","B17657719",3,"AURORA ENERGY SUPPLY, S.L.",7.454884,0.000959,0.028987,1968.71,1.07,1969.78
"41","ee","B87166435",1,"AVALIA ENERGÍA",1.113,0.000143,0.004328,293.92,0,293.92
"42","pp","A54616362",NA,"AVANZA PETRÓLEOS,  S.A.",2.63,0.000338,0.010226,694.54,16.22,710.76
"43","ee","A73444242",NA,"AVANZALIA ENERGÍA COMERCIALIZADORA, S.A.",71.995674,0.009265,0.279944,19012.82,0.27,19013.09
"44","g","752 377 937 00020",3,"AXEGAZ SAS",0,0,0,0,0,0
"45","ee+g","B83160994",NA,"AXPO IBERIA, S.L.",7308.307,0.940527,28.417194,1929998.61,1999.42,1931998.04
"46","ee","N0391453H",NA,"AXPO TRADING AG",0,0,0,0,0,0
"47","ee","B73852972",1,"AYLUZ COMERCIALIZADORA ELÉCTRICA, S.L.",0.414359,5.3e-05,0.001611,109.43,0,109.43
"48","g","B48969877",NA,"BAHÍA DE BIZKAIA ELECTRICIDAD,  S.L.",0,0,0,0,0,0
"49","ee","B17653213",NA,"BASSOLS ENERGÍA COMERCIAL,  S.L.",144.726556,0.018625,0.562746,38219.8,45.44,38265.24
"50","ee+g+pp","A33985540",1,"BETA RENOWABLE GROUP, S.A.",420.929,0.054171,1.636716,111160.13,137.55,111297.68
"51","pp","A91079715",NA,"BIOCARBURANTES CASTILLA Y LEÓN, S.A.",0,0,0,0,0,0
"52","pp","B27332360",3,"BIOCARBURANTES DE GALICIA, S.L.",0,0,0,0,0,0
"53","pp","B97526008",NA,"BIOCOM ENERGÍA, S.L.",0,0,0,0,0,0
"54","pp","A09453416",NA,"BIOCOM PISUERGA, S.A.",0,0,0,0,0,0
"55","pp","B22314975",NA,"BIODIESEL ARAGÓN, S.L.",0,0,0,0,0,0
"56","pp","B95407391",NA,"BIODIESEL BILBAO, S.L.",0,0,0,0,0,0
"57","pp","B31821564",NA,"BIODIESEL CAPARROSO,  S.L.",0,0,0,0,0,0
"58","pp","B83369488",NA,"BIOETANOL  DE LA MANCHA, S.L.",0,0,0,0,0,0
"59","pp","A36822146",NA,"BIOETANOL  GALICIA, S.A.",0,0,0,0,0,0
"60","pp","B98002264",NA,"BIOMAR OIL, S.L.",578.229081,0.074414,2.248352,152700.39,198.18,152898.57
"61","pp","B01415694",NA,"BIONOR BERANTEVILLA,  S.L.U.",0,0,0,0,0,0
"62","pp","A74010927",NA,"BIONORTE, S.A.",0.007278,1e-06,2.8e-05,1.92,0,1.92
"63","pp","B84688738",NA,"BIO-OILS HUELVA, S.L.",0,0,0,0,0,0
"64","pp","N0172374A",NA,"BIORO, NV",0,0,0,0,0,0
"65","pp","B63196398",NA,"BIOSUR TRANSFORMACIÓN, S.L.U.",0,0,0,0,0,0
"66","pp","B44210045",NA,"BIOTERUEL,  S.L.",299.693,0.038568,1.165309,79143.78,57.8,79201.58
"67","g","B39806062",NA,"BIROU GAS S.L.",0,0,0,0,0,0
"68","ee","CHE103258498",NA,"BKW ENERGIE AG",0,0,0,0,0,0
"69","pp","A28707172",NA,"BOMIN BUNKER OIL, S.A.",8.328,0.001072,0.032382,2199.28,60.23,2259.51
"70","pp","B25672213",NA,"BONAREA ENERGÍA, S.L.U.",2057.45,0.264779,8.000068,543337.28,435.22,543772.5
"71","g","A82422031",NA,"BP GAS EUROPE, S.A.U.",6540.2,0.841677,25.430531,1727154.72,737.65,1727892.37
"72","pp+glp","A28135846",NA,"BP OIL ESPAÑA, S.A.U.",34901,4.491507,135.707008,9216755.88,12720,9229475.89
"73","pp","B72284755",1,"CADOIL SPAIN, S.L.",0,0,0,0,NA,0
"74","pp","A64277361",NA,"CAMPA IBERIA, S.A.U.",0,0,0,0,0,0
"75","pp","B38229969",NA,"CANARY OIL, S.L.",204.376,0.026302,0.794684,53972.2,69.6,54041.8
"76","g","B84594340",NA,"CAPITAL ENERGY READ, S.L.",0,0,0,0,0,0
"77","pp","B63816482",NA,"CARBURANTS  AXOIL, S.L.",3600.55071,0.463365,14.000171,950843.73,1588.26,952431.99
"78","pp","B85473247",3,"CARDILES OIL COMPANY, S.L.",0.56479,7.3e-05,0.002196,149.15,0,149.15
"79","pp","B62583471",NA,"CARGILL, S.L.U.",0,0,0,0,0,0
"80","ee","B85969491",NA,"CARVISA ENERGIA, S.L.",63.275,0.008143,0.246035,16709.84,6.48,16716.32
"81","ee","B64376395",NA,"CATENERIBAS,  S.L.",2.751385,0.000354,0.010698,726.59,1.96,728.55
"82","ee+g","A61293387",1,"CATGAS ENERGÍA, S.A.",4.291,0.000552,0.016685,1133.18,0,1133.18
"83","ee","B66319138",1,"CEMOI ELECTRICITE,  S.L.",0,NA,NA,NA,NA,0
"84","ee","B98823933",2.3,"CC&A ACCESO ELÉCTRICO, S.L.",0,0,0,0,NA,0
"85","pp","B92923812",NA,"CENTRAL DE COMPRAS DTODO, S.L.",420.508681,0.054116,1.635081,111049.13,89.91,111139.04
"86","g","GB684966762",2,"CENTRICA ENERGY LIMITED",0,0,0,0,0,0
"87","pp+glp","A80298896",NA,"CEPSA COMERCIAL PETROLEO,  S.A. U.",83571.07,10.754995,324.952863,22069687.15,27233.35,22096920.5
"88","g","A82485335",NA,"CEPSA GAS COMERCIALIZADORA, S.A.",4872.546,0.627062,18.946123,1286755.88,2045.75,1288801.63
"89","ee+g","A28142552",NA,"CEPSA GAS Y ELECTRICIDAD,  S.A.",1077.98,0.138728,4.191554,284676.04,328.27,285004.31
"90","ee","B86986684",NA,"CHC COMERCIALIZADOR DE REFERENCIA,  S.L.U.",2,0.000257,0.007777,528.17,0,528.17
"91","ee","A74255282",NA,"CIDE HCENERGÍA S.A.",1236,0.159064,4.80599,326406.41,435.67,326842.09
"92","ee+g","B65445033",NA,"CLIDOM ENERGY, S.L.",300.33175,0.038651,1.167792,79312.47,63.91,79376.38
"93","pp","B91203083",3,"CLOVIA PETROLEUM,  S.L.",33.469454,0.004307,0.130141,8838.71,54.81,8893.52
"94","ee","B14888325",NA,"COMERCIAL Y ASESORA DE ELECTRICIDAD,  S.L.",3.543646,0.000456,0.013779,935.82,1.05,936.86
"95","ee","B24675811",2,"COMERCIALIZADORA DE ENERGÍA BENUZA Y BAÑESA S.L.",0,0,0,0,NA,0
"96","ee","A11507357",NA,"COMERCIALIZADORA ELECTRICA DE CADIZ, S.A.",207.980892,0.026766,0.808701,54924.19,75.26,54999.45
"97","ee","B98196249",NA,"COMERCIALIZADORA ELECTRICA DE MELIANA, S.L.",0,0,0,0,0,0
"98","ee","B73748097",NA,"COMERCIALIZADORA ELECTRICA DEL SURESTE, S.L.",5.65,0.000727,0.021969,1492.07,1.28,1493.35
"99","ee","B87314431",2.3,"COMERCIALIZADORA ENERGETICA  FINANCIERA,  S.L.",0,0,0,0,NA,0
"100","g","B87387296",1,"COMERCIALIZADORA GONZALEZ ENERGÍA, S.L.",0,0,0,0,NA,0
"101","g","A82444464",NA,"COMERCIALIZADORA IBÉRICA DE GAS Y ENERGÍA ELÉCTRICA, S.A.U.",0,0,0,0,0,0
"102","ee","B17650995",NA,"COMERCIALIZADORA LERSA , S.L.",23.098,0.002973,0.089813,6099.79,9.15,6108.93
"103","ee","B26514471",NA,"COMERCIALIZADORA RIOJANA DE ENERGÍA, S.L.",69.116052,0.008895,0.268747,18252.36,3.37,18255.73
"104","ee","B97007975",NA,"COMERCIALIZADORA SUMINISTROS  ESPECIALES  ALGINETENSES, S.L.",0,0,0,0,0,0
"105","ee","FR59957520901",NA,"COMPAGNIE  NATIONALE DU RHÓNE",0,0,0,0,0,0
"106","ee","B36000917",NA,"COMPAÑÍA DE ELECTRIFICACIÓN, S.L.",9.804,0.001262,0.038121,2589.07,3.48,2592.55
"107","glp","A83310946",NA,"COMPAÑÍA DE GAS LICUADO ZARAGOZA,  S.A.",0,0,0,0,0,0
"108","ee","B85551273",NA,"COMPAÑÍA ESCANDINAVA  DE ELECTRICIDAD  EN ESPAÑA, S.L.",31.28687,0.004026,0.121654,8262.33,15.98,8278.3
"109","pp","A28003119",3,"COMPAÑÍA ESPAÑOLA DE PETRÓLEOS,  S.A. (CEPSA)",0,0,0,0,NA,0
"110","ee","B65711855",NA,"COMPAÑÍA LUMISA ENERGÍAS, S.L.",13.061072,0.001681,0.050786,3449.21,2.63,3451.83
"111","pp","B22380190",NA,"COMPIR-OIL, S.L.",118.996291,0.015314,0.462698,31424.88,30.94,31455.82
"112","ee","B30819577",NA,"CONCISA, COMUNICACIÓN,MARKETING Y SERVICIOS, S.L.",3.333,0.000429,0.01296,880.19,0.45,880.64
"113","ee","F03013349",NA,"COOPERATIVA  ELÉCTRICA BENÉFICA CATRALENSE,  COOP. V.",12.20021,0.00157,0.047439,3221.87,4.03,3225.9
"114","ee","F03013257",NA,"COOPERATIVA  ELÉCTRICA BENÉFICA SAN FRANCISCO DE ASÍS, COOP. V.",68.29465,0.008789,0.265553,18035.45,24.3,18059.75
"115","ee","F46025136",NA,"COOPERATIVA  ELECTRICA DE CASTELLAR,  S.C.V.",8.958159,0.001153,0.034832,2365.7,3.08,2368.78
"116","ee","F03013323",NA,"COOPERATIVA  ELÉCTRICA-BENÉFICA ALBATERENSE, COOP.V.",20.281,0.00261,0.078859,5355.86,7.1,5362.96
"117","ee","F12057196",NA,"COOPERATIVA  VALENCIANA  ELECTRODISTRIBUIDORA DE FUERZA Y ALUMBRADO  SERRALLO, S.Coop.V.",0.33279,4.3e-05,0.001294,87.88,0.12,88.01
"118","ee","B54691589",NA,"CORPOLUX, S.L.",0.97245,0.000125,0.003781,256.81,0.21,257.01
"119","ee","A25445131",NA,"CORPORACIÓN  ALIMENTARIA  GUISSONA, S.A.",44.599,0.00574,0.173416,11777.83,6.5,11784.33
"120","g","B13377676",1,"CRINGAS, S.L.",0,0,0,0,0,0
"121","ee","B98516693",NA,"CYE ENERGIA, S.L.",7.91161,0.001018,0.030763,2089.32,0.58,2089.9
"122","ee","B04787024",NA,"DAIMUZ ENERGÍA, S.L.",1.184698,0.000152,0.004607,312.86,0,312.86
"123","ee+g","DK28113951",NA,"DANSKE COMMODITIES  A/S",47.6,0.006126,0.185085,12570.34,0,12570.34
"124","g+pp","B98790041",2,"DEVAL PETROLEUM,  S.L.",0,0,0,0,NA,0
"125","glp","A38453825",NA,"DISA GAS, S.A.",1047.8,0.134844,4.074204,276706.02,369.15,277075.17
"126","pp","B84070937",NA,"DISA PENÍNSULA,  S.L.U.",14264.36,1.83572,55.464704,3766972.98,5184.73,3772157.71
"127","pp","A38453809",NA,"DISA RED DE SERVICIOS PETROLÍFEROS, S.A.",4176.73,0.537515,16.240553,1103002.8,1463.19,1104465.99
"128","pp","B84070960",NA,"DISA RETAIL ATLÁNTICO,  S.L.U.",1649.84,0.212323,6.415141,435694.47,614.53,436308.99
"129","pp","B38862132",NA,"DISA SUMINISTROS  Y TRADING, S.L.U.",0,0,0,0,0,0
"130","ee","B02261535",NA,"DISTRIBUCIÓN  ELÉCTRICA CARIDAD E ILDEFONSO, S.L.",9.088464,0.00117,0.035339,2400.11,2.14,2402.25
"131","ee","B25467887",NA,"DISTRIBUIDORA  ELÉCTRICA D'ALBATERREC, S.L.",3.071,0.000395,0.011941,811,1.18,812.18
"132","ee","A36021962",NA,"DISTRIBUIDORA  ELÉCTRICA DE CATOIRA, S.A.",2.578,0.000332,0.010024,680.81,0.91,681.72
"133","ee","B25445693",NA,"DISTRIBUIDORA  ELÉCTRICA DE MONTOLIU, S.L.",1.549,0.000199,0.006023,409.06,0.74,409.8
"134","ee","B98202237",NA,"DREUE ELECTRIC, S.L.",135.43,0.017429,0.526598,35764.74,15.79,35780.53
"135","ee","B86863610",1,"DRK ENERGY, S.L.",0,0,0,0,NA,0
"136","ee+g","CHE105.222.146",NA,"DUFENERGY TRADING S.A.",0,0,0,0,-38295.63,-38295.63
"137","pp","B48503585",NA,"DYNEFF ESPAÑA, S.L.U.",3335.367,0.429238,12.969046,880813.26,1226.53,882039.78
"138","pp","N0055123D",NA,"ECO FOX, SRL",0,0,0,0,0,0
"139","pp","A81406266",NA,"ECOCARBURANTES ESPAÑOLES, S.A.",0.92,0.000118,0.003577,242.96,0.15,243.11
"140","ee","B38920500",NA,"ECOENERGÉTICA DE CANARIAS, S.L.",0,0,0,0,0,0
"141","ee","B04827101",2,"ECOEQ ALMERIA, S.L.",0,0,0,0,NA,0
"142","ee","B04738209",NA,"ECOEQ ENERGÉTICA,  S.L.",10.268549,0.001321,0.039928,2711.75,4.57,2716.32
"143","pp","A08396319",NA,"ECOMOTION BIODIESEL, S.A.",0,0,0,0,6.07,6.07
"144","pp","DE239798514",NA,"ECOMOTION,  GMBH",0,0,0,0,0,0
"145","ee","F19300045",1,"ECONACTIVA  S. COOP DE C-LM",0,0,0,0,NA,0
"146","ee+g","GB 735547907",NA,"EDF TRADING LIMITED",0,0,0,0,0,0
"147","g","8263330014",1,"EDISON S.P.A.",0,0,0,0,0,0
"148","ee+g","A74251836",NA,"EDP COMERCIALIZADORA DE ULTIMO RECURSO, S.A.",767.77,0.098806,2.985352,202754.9,282,203036.89
"149","ee+g","A95000295",NA,"EDP COMERCIALIZADORA, S.A.U.",9081.76,1.168757,35.312985,2398337.15,4046.59,2402383.74
"150","ee","B74286030",NA,"EDP EMPRESA DE SERVICIOS ENERGÉTICOS,  S.L.",0,0,0,0,0,0
"151","g","B74293978",NA,"EDP ENERGÍA GAS, S.L.",0,0,0,0,0,0
"152","ee+g","A33543547",NA,"EDP ENERGÍA S.A.U.",13237.29,1.703544,51.471105,3495741.4,5377.42,3501118.81
"153","g","PT508202370",NA,"EDP GÁS.COM-COMÉRCIO DE GÁS NATURAL, S.A",0,0,0,0,0,0
"154","pp","B95822490",2.3,"ELCANO ENERGÍA, S.L.",0,0,0,0,NA,0
"155","ee","B14988125",NA,"ELECNOVA SIGLO XXI, S.L.",0.41,5.3e-05,0.001594,108.27,0,108.27
"156","ee","B36878510",NA,"ELECTRA ALTO MIÑO COMERCIALIZADORA DE ENERGIA, S.L.U.",34.4722,0.004436,0.13404,9103.52,12.3,9115.82
"157","ee","B17659111",NA,"ELECTRA AVELLANA COMERCIAL,  S.L.",66.15182,0.008513,0.257221,17469.56,21.16,17490.73
"158","ee","A62420815",NA,"ELECTRA CALDENSE ENERGIA, S.A.",76.7,0.009871,0.298236,20255.16,27.35,20282.51
"159","ee","B94133535",2,"ELECTRA CUNTIENSE COMERCIALIZADORA, S.L.U.",0,0,0,0,NA,0
"160","ee","B36350361",NA,"ELECTRA CUNTIENSE,  S.L.U.",7.987,0.001028,0.031056,2109.23,2.89,2112.12
"161","ee","A25466939",NA,"ELECTRA DEL CARDENER ENERGIA, S.A.",31.274795,0.004025,0.121607,8259.14,10.69,8269.83
"162","ee","A12542296",NA,"ELECTRA ENERGIA, S.A.U.",54.906278,0.007066,0.213494,14499.81,18.95,14518.76
"163","ee","A33531690",NA,"ELECTRA NORTE ENERGÍA, S.A.U.",11.04054,0.001421,0.042929,2915.62,4.93,2920.55
"164","ee","B62419015",NA,"ELECTRACOMERCIAL CENTELLES, S.L.",22.988455,0.002958,0.089387,6070.86,7.96,6078.82
"165","ee","B53482774",NA,"ELECTRICA ALBATERENSE,  S.L.",2.427,0.000312,0.009437,640.93,0.82,641.75
"166","ee","F46024428",NA,"ELECTRICA ALGIMIA DE ALFARA, S.COOP.V.",1.963,0.000253,0.007633,518.39,0.68,519.07
"167","ee","B25389354",NA,"ELÉCTRICA ANTONIO MADRID, S.L.",2.957807,0.000381,0.011501,781.11,1.07,782.18
"168","ee","B24224248",NA,"ELECTRICA BAÑESA, S.L.",1.030591,0.000133,0.004007,272.16,0.21,272.37
"169","ee","B53485140",NA,"ELECTRICA CATRALENSE,  S.L.",4.194175,0.00054,0.016308,1107.61,1.59,1109.2
"170","ee","F03013331",NA,"ELÉCTRICA DE CALLOSA DE SEGURA, C.V.",25.346004,0.003262,0.098554,6693.45,8.83,6702.28
"171","ee","F46233680",NA,"ELECTRICA DE CHERA, S.C.V.",1.10965,0.000143,0.004315,293.04,0.43,293.47
"172","ee","F46004750",NA,"ELECTRICA DE GUADASSUAR  COOP. V.",14.2707,0.001837,0.055489,3768.65,5.39,3774.04
"173","ee","B25780800",1,"ELECTRICA DE GUIXES ENERGÍA, S.L.",0.467034,6e-05,0.001816,123.34,0,123.34
"174","ee","B25025164",NA,"ELÉCTRICA DE GUIXES, S.L.",5.344228,0.000688,0.02078,1411.32,9.34,1420.66
"175","ee","F46004768",NA,"ELÉCTRICA DE MELIANA, S.C.V.",8.36831,0.001077,0.032539,2209.93,2.9,2212.83
"176","ee","B25267220",NA,"ELÉCTRICA DE MONTSEC, S.L.",0.0049,1e-06,1.9e-05,1.29,0,1.29
"177","ee","B36000180",NA,"ELÉCTRICA DE MOSCOSO, S.L.",0,0,0,0,5.46,5.46
"178","ee","F46027298",NA,"ELÉCTRICA DE SOT DE CHERA S. COOP.V.",1.104,0.000142,0.004293,291.55,0.67,292.22
"179","ee","B97062491",NA,"ELÉCTRICA DE VINALESA, S.L.U.",5.28136,0.00068,0.020536,1394.72,1.81,1396.53
"180","ee","A08049306",NA,"ELECTRICA DEL EBRO, S.A.",57.530886,0.007404,0.2237,15192.92,20.71,15213.63
"181","ee","F28155497",NA,"ELÉCTRICA DEL POZO, S.COOP.MAD.",6.47,0.000833,0.025158,1708.62,2.36,1710.97
"182","ee","B63841597",1,"ELECTRICA DIRECTA ENERGÍA, S.L.",0,0,0,0,0,0
"183","ee","B43986918",NA,"ELÉCTRICA MUNICIPAL DE SANTA COLOMA DE QUERALT, S.L.",6.172739,0.000794,0.024002,1630.11,2.31,1632.43
"184","ee","F03013356",NA,"ELÉCTRICA NTRA. SRA. DE GRACIA SDAD. COOP. VALENCIANA",6.862892,0.000883,0.026685,1812.37,1.82,1814.2
"185","ee","B64180862",NA,"ELÉCTRICA NURIEL, S.L.",3.69432,0.000475,0.014365,975.61,2.81,978.41
"186","ee","F28201374",NA,"ELÉCTRICA POPULAR, S. COOP. MAD.",5.075,0.000653,0.019733,1340.22,1.8,1342.02
"187","ee","B25672692",NA,"ELÉCTRICA SALAS DE PALLARS, S.L.",0.974282,0.000125,0.003788,257.29,0.33,257.62
"188","ee","B25051947",NA,"ELECTRICA SEROSENSE,  S.L.",107.63,0.013851,0.418502,28423.24,33.76,28457
"189","ee","B93158293",NA,"ELECTRICA SERRANIA DE RONDA ENERGIA, S.L.",7.633875,0.000982,0.029683,2015.98,1.78,2017.76
"190","ee","A57048332",NA,"ELECTRICA SOLLERENSE,  S.A.",68.698793,0.008841,0.267124,18142.17,20.71,18162.88
"191","ee","B25483967",NA,"ELÉCTRICA SUDANELL, S.L.",2.586,0.000333,0.010055,682.92,1.14,684.05
"192","ee","A17651829",NA,"ELECTRICA VAQUER ENERGIA, S.A.",9.46376,0.001218,0.036798,2499.22,3.4,2502.62
"193","ee","B12571360",NA,"ELÉCTRICAS  COLLADO BLANCO, S.L.",1.297,0.000167,0.005043,342.52,0.5,343.02
"194","ee","B24374647",NA,"ELECTRICAS  DE BENUZA, S.L.",1.250105,0.000161,0.004861,330.13,0.15,330.28
"195","ee","B12595724",NA,"ELÉCTRICAS  HIDROBESORA,  S.L.",1.342154,0.000173,0.005219,354.44,0.4,354.84
"196","ee","B98109721",NA,"ELECTRICAS  LA ENGUERINA,  S.L.U.",4.389,0.000565,0.017066,1159.06,1.57,1160.63
"197","ee","B22216733",NA,"ELECTRO ESCARRILLA,  S.L.",1.575,0.000203,0.006124,415.93,0.38,416.31
"198","ee","B22216725",NA,"ELECTRO SALLENT DE GÁLLEGO, S.L.",4.126,0.000531,0.016043,1089.61,1.43,1091.03
"199","ee","F12010179",NA,"ELECTRODISTRIBUIDORA DE FUERZA Y ALUMBRADO CASABLANCA,  S. COOP.V.",1.7,0.000219,0.00661,448.94,0.61,449.55
"200","ee+g","B19300334",1,"ELEGRAND ENERGÍA, S.L.",0,0,0,0,0,0
"201","ee+g","B98670763",1,"ELEVA 2 COMERCIALIZADORA, S.L.",0.26522,3.4e-05,0.001031,70.04,0,70.04
"202","ee","B98583115",NA,"ELEVA UNO COMERCIALIZADORA, S.L.",0,0,0,0,0,0
"203","ee","B02571909",1,"ELURENERGIA  VERDE S.L.",0,0,0,0,NA,0
"204","ee+g","B98683378",1,"ELYGAS POWER, S.L.",0.743134,9.6e-05,0.00289,196.25,0,196.25
"205","ee","F71235311",1,"EMASP, S. COOP.",0,0,0,0,0,0
"206","ee","A51031920",NA,"EMPRESA DE ALUMBRADO ELECTRICO DE CEUTA COM. DE REFERENCIA,  S.A.U.",1.3474,0.000173,0.005239,355.83,0,355.83
"207","ee","A11900057",NA,"EMPRESA DE ALUMBRADO ELECTRICO DE CEUTA, S.A.",152.492844,0.019625,0.592944,40270.75,55.5,40326.25
"208","ee","B25428905",3,"EMPRESA MUNICIPAL DE DISTRIBUCIÓ  D'ENERGIA ELÉCTRICA DE PONTS, S.L.",2.58745,0.000333,0.010061,683.3,0.99,684.29
"209","ee","B25470766",NA,"EMPRESA MUNICIPAL DE DISTRIBUCIÓN  DE ENERGÍA ELECTRICA DE ALMENAR,S.L",8,0.00103,0.031107,2112.66,2.86,2115.52
"210","ee","B25460494",NA,"EMPRESA MUNICIPAL DE ENERGÍA ELÉCTRICA TORRES DE SEGRE, S.L.",6.11,0.000786,0.023758,1613.55,1.75,1615.3
"211","pp","A08277345",2.3,"EMS SEVEN SEAS SPAIN, S.A.",0,0,0,0,NA,0
"212","ee","B85778041",NA,"ENARA GESTIÓN Y MEDIACIÓN, S.L.",48.7441,0.006273,0.189534,12872.48,9.71,12882.2
"213","ee+g","B82846825",NA,"ENDESA ENERGÍA XXI, S.L.U.",16783.947,2.159973,65.261718,4432352.72,6617.13,4438969.85
"214","ee+g","A81948077",NA,"ENDESA ENERGIA, S.A.",93973.852,12.093758,365.402433,24816883.57,32022.44,24848906
"215","ee+g","A82434697",NA,"ENDESA GENERACIÓN,  S.A.",0,0,0,0,0,0
"216","ee","B61234613",NA,"ENEL GREEN POWER ESPAÑA, S.L",0,0,0,0,0,0
"217","ee","B19505049",NA,"ENELUZ 2025, S.L.",0.70879,9.1e-05,0.002756,187.18,0,187.18
"218","ee","B40178550",NA,"ENERCOLUZ ENERGÍA, S.L.",72.112,0.00928,0.280396,19043.54,27.86,19071.4
"219","g","B27772987",NA,"ENERCOTEC SERVICIOS, S.L.",0,0,0,0,NA,0
"220","ee","B66101171",NA,"ENERGEA SAVING ENERGY, S.L.",4.7,0.000605,0.018275,1241.19,0.82,1242.01
"221","ee","B98670003",NA,"ENERGÍA COLECTIVA,  S.L.",0.268022,3.4e-05,0.001042,70.78,0,70.78
"222","ee","B91924514",NA,"ENERGÍA DLR COMERCIALIZADORA, S.L.",714.459671,0.091946,2.778063,188676.55,220.75,188897.31
"223","ee","B98297286",2,"ENERGÍA ELÉCTRICA EFICIENTE, S.L.",0,0,0,0,NA,0
"224","ee","B73778516",NA,"ENERGÍA EUROPEAS DE COMERCIALIZACIÓN, S.L.",0.345474,4.4e-05,0.001343,91.23,0,91.23
"225","ee","B66156126",NA,"ENERGIA NARANJA, S.L.",11.706826,0.001507,0.04552,3091.57,0.15,3091.72
"226","ee","B66115338",NA,"ENERGÍA OPERATIVA,  S.L.",2.354083,0.000303,0.009153,621.67,0.15,621.83
"227","ee","B22215487",NA,"ENERGIAS DE BENASQUE S.L.",9.675,0.001245,0.03762,2555,3.34,2558.34
"228","ee","B22280259",NA,"ENERGÍAS DE LA VILLA DE CAMPO, S.L.U.",1.278198,0.000164,0.00497,337.55,0.45,338
"229","ee","B22216220",NA,"ENERGIAS DE PANTICOSA,  S.L.",3.560693,0.000458,0.013845,940.32,0.98,941.3
"230","ee","B22247191",NA,"ENERGÍAS DEL ZINQUETA, S.L.",0.775338,1e-04,0.003015,204.75,0.25,205
"231","ee","B47737705",1,"ENERGIKA ENERGÍA, S.L.",0.134257,1.7e-05,0.000522,35.45,0,35.45
"232","ee","B85634350",NA,"ENERGY BY COGEN, S.L.",95.604,0.012304,0.371741,25247.38,35.31,25282.68
"233","ee+g","B66040312",NA,"ENERGY STROM XXI, S.L.",22.854,0.002941,0.088864,6035.35,2.42,6037.77
"234","ee","B54744073",NA,"ENERGY TRADER SOLUTIONS,  S.L.",14.74,0.001897,0.057314,3892.58,1.1,3893.68
"235","ee","B84317593",NA,"ENÉRGYA VM ENERGÍAS ESPECIALES,  S.L.U.",0,0,0,0,0,0
"236","ee","B84070036",NA,"ENÉRGYA VM GENERACIÓN,  S.L.U.",0,0,0,0,0,0
"237","ee+g","B83393066",NA,"ENÉRGYA VM GESTIÓN DE ENERGÍA, S.L.U.",4705,0.6055,18.294647,1242509.85,1433.2,1243943.05
"238","ee","B87152286",1,"ENERGYSAVE  PROJECTS, S.L.",0,0,0,0,0,0
"239","g","B66589904",1,"ENERKIA ENERGÍA, S.L.",0,0,0,0,NA,0
"240","ee","A56005903",NA,"ENERPLUS ENERGÍA, S.A.",1.303821,0.000168,0.00507,344.32,0,344.32
"241","ee","F39781794",2,"ENERPLUS S.COOP.",0,0,0,0,NA,0
"242","ee+g","B27266279",NA,"ENERXIA GALEGA MAIS, S.L.",2.599134,0.000334,0.010106,686.39,0,686.39
"243","g","BE083195821",NA,"ENGIE ENERGY MANAGEMENT  S.C.R.L (Sucursal en Francia)",0,0,0,0,NA,0
"244","ee+g","B82508441",NA,"ENGIE ESPAÑA, S.L.U.",3229.79,0.415651,12.558527,852932.18,1577.53,854509.71
"245","g","FR15437982937",NA,"ENGIE GLOBAL MARKETS",0,0,0,0,NA,0
"246","g","542107651",NA,"ENGIE, S.A.",0,0,0,0,0,0
"247","pp","B83115584",NA,"ENI IBERIA, S.L.U.",2528.37,0.325383,9.831166,667699.18,417.09,668116.27
"248","g","N0051968F",NA,"ENI SPA",0,0,0,0,0,0
"249","pp","GB09598861004",1.3,"ENI TRADING & SHIPPING, S.P.A.",0,0,0,0,0,0
"250","g","9598861004",1,"ENI TRADING & SHIPPING, S.p.A. (Sucursal en Bélgica)",0,0,0,0,NA,0
"251","g","IT13107250154",NA,"ENOI SPA",0,0,0,0,0,0
"252","pp","A91134403",NA,"ENTABAN BIOCOMBUSTIBLES DEL GUADALQUIVIR, S.A.",0,0,0,0,0,0
"253","pp","B87430831",2,"EP SPAIN 2015, S.L.",0,0,0,0,NA,0
"254","ee","A11508629",NA,"EPRESA ENERGIA, S.A.U.",2.990814,0.000385,0.011629,789.82,3.78,793.6
"255","pp","A20072070",NA,"ESERGUI, S.A.",8886.49,1.143627,34.553708,2346769.69,2956.94,2349726.64
"256","ee","A62422720",NA,"ESTABAN ELL Y PAHISA M ERCATOR, S.A.",123.5,0.015894,0.48021,32614.23,41.52,32655.76
"257","ee","A61121752",NA,"ESTABANELL  Y PAHISA ENERGÍA, S.A.",110.9,0.014272,0.431217,29286.79,42.49,29329.28
"258","ee","A12890422",3,"ESTRATEGIAS ELÉCTRICAS  INTEGRALES,  S.A.",71.143491,0.009156,0.27663,18787.78,0,18787.78
"259","g","CZ01850181",NA,"EURO GAS HOLDING, a.s.",0,0,0,0,0,0
"260","ee","B93034064",NA,"EVERGREEN ELÉCTRICA, S.L.",21.262531,0.002736,0.082676,5615.07,5.77,5620.84
"261","ee","B66286634",1,"EXPORT INNOVATION  GROUP, S.L.",0,0,0,0,0,0
"262","pp","A04333779",NA,"F.J. SÁNCHEZ SUCESORES,  S.A.",0,0,0,0,0,0
"263","ee+g","A61893871",NA,"FACTOR ENERGÍA, S.A.",1125.545,0.14485,4.376503,297237.14,399.64,297636.78
"264","ee+g","A85908036",NA,"FENIE ENERGIA, S.A.",1348.336822,0.173521,5.242794,356072.64,399.76,356472.4
"265","g","A28165298",NA,"FERTIBERIA,  S.A.",0,0,0,0,0,0
"266","ee+g","B87075982",1,"FLIP ENERGÍA, S.L.",1.070875,0.000138,0.004164,282.8,0,282.8
"267","ee","B17652694",NA,"FLUID ELECTRIC CAMPRODON II, S.L.",4.699,0.000605,0.018271,1240.93,1.4,1242.32
"268","ee","F46034427",NA,"FLUIDO ELÉCTRICO MUSEROS, SCV",5.426,0.000698,0.021098,1432.91,1.89,1434.81
"269","ee","B98563356",NA,"FOENER COMERCIALIZACIÓN, S.L.U.",216.94,0.027919,0.843537,57290.14,12.54,57302.67
"270","pp","A15126253",NA,"FORESTAL DEL ATLÁNTICO,  S.A.",38.028988,0.004894,0.14787,10042.8,8.38,10051.18
"271","ee","B85228138",NA,"FORTIA ENERGÍA, S.L.",9353.82,1.203769,36.370847,2470183.53,3098.83,2473282.37
"272","ee+g","B57903825",1,"FORTULUZ, S.L.U.",0,0,0,0,NA,0
"273","ee","A54855093",1,"FOX ENERGÍA, S.A.",1.785,0.00023,0.006941,471.39,0,471.39
"274","ee+g","A87414934",2,"FUSIONA COMERCIALIZADORA S.A.",0,0,0,0,NA,0
"275","g","A85818797",1,"FUSIONA SOLUCIONES  ENERGÉTICAS,  S.A.",47.716197,0.006141,0.185537,12601.03,0,12601.03
"276","g","B87370771",1,"FUTURA ENERGIA Y GAS, S.L.",0,0,0,0,0,0
"277","ee+g+pp+glp","A28559573",NA,"GALP ENERGÍA ESPAÑA, S.A.U.",39935.401903,5.139399,155.282482,10546255.14,15308.92,10561564.05
"278","g","N0108577H",NA,"GALP GAS NATURAL, S.A.",0,0,0,0,0,0
"279","ee","B98717457",1,"GAOLANIA SERVICIOS, S.L.",0.15298,2e-05,0.000595,40.4,0,40.4
"280","g","B51030278",NA,"GAS MARINE BUNKER, S.L.",0,0,0,0,231.73,231.73
"281","ee+g","A61797536",NA,"GAS NATURAL COMERCIALIZADORA, S.A.",56400,7.258274,219.302463,14894273.28,18466.96,14912740.24
"282","ee+g","A65067332",NA,"GAS NATURAL S.U.R., SDG S.A.",12122.6,1.560091,47.136809,3201370.87,4668.49,3206039.37
"283","ee","A08015497",NA,"GAS NATURAL SDG, S.A.",0,0,0,0,0,0
"284","ee+g","A08431090",NA,"GAS NATURAL SERVICIOS SDG, S.A.",30224.3,3.88965,117.522401,7981719.57,10672,7992391.57
"285","g","ATU67292404",NA,"GASELA GmbH",0,0,0,0,0,0
"286","ee","B52004041",NA,"GASELEC DIVERSIFICACION, S.L.",174.343081,0.022437,0.677905,46041.02,53.94,46094.96
"287","g","B34041400",NA,"GASINDUR, S.L.",0,0,0,0,0,0
"288","pp","B86741394",2.3,"GASLOW ABASTECIMIENTOS, S.L.",0,0,0,0,NA,0
"289","ee+g","GB927405129",NA,"GAZPROM MARKETING & TRADING LIMITED",0,0,0,0,0,0
"290","ee","BE0835490593",NA,"GDF SUEZ TRADING",0,0,0,0,0,0
"291","ee","B85021426",NA,"GEOATLANTER,  S.L.",2.607849,0.000336,0.01014,688.69,1.19,689.88
"292","ee","A84337849",NA,"GESTERNOVA,  S.A.",263.827542,0.033953,1.025852,69672.33,65.5,69737.84
"293","ee","B82410549",NA,"GESTINER INGENIEROS,  S.L.",30.72858,0.003955,0.119483,8114.89,16.26,8131.16
"294","pp","B31659873",NA,"GESTIÓN DE RECURSOS Y SOLUCIONES  EMPRESARIALES, S.L. (SOLARTIA)",0,0,0,0,0,0
"295","ee","B66552068",1,"GESTIONA ENERGÍA, COMERCIALIZADORA ENERGÉTICA,  S.L.",0,0,0,0,NA,0
"296","ee","B83812255",NA,"GESTIONNA SOLUCIONES  ENERGÉTICAS,  S.L.",0,0,0,0,0,0
"297","pp","B93443190",2.3,"GESTORES DE ESTACIONES  LOW COST, S.L.",0,0,0,0,NA,0
"298","ee","B98722200",2,"GIGABUSINESS  S.L.",0,0,0,0,NA,0
"299","pp","GB417721753",1,"GLENCORE ENERGY UK, LTD",0,0,0,0,0,0
"300","pp","A28357663",3,"GLENCORE ESPAÑA, S.A.",0,0,0,0,0,0
"301","ee","B75035592",NA,"GLOBAL BIOSFERA PROTEC, S.L.",8.544339,0.0011,0.033223,2256.41,0,2256.41
"302","pp","B65632267",NA,"GLOBAL FUEL ESPAÑA, S.L.",0,0,0,0,0,0
"303","pp","B65166019",NA,"GM FUEL SERVICE, S.L.",431.637389,0.055549,1.678354,113988.04,144.86,114132.89
"304","ee+g","B84196997",NA,"GNERA ENERGIA Y TECNOLOGIA,  S.L.",0.36,4.6e-05,0.0014,95.07,0,95.07
"305","ee","B36026375",2,"GODAY ENERGÍA, S.L.",0,0,0,0,NA,0
"306","ee","F75074872",NA,"GOIENER S.COOP",10.643897,0.00137,0.041387,2810.87,1,2811.87
"307","g","507857542",3,"GOLD ENERGY-Comercializadora de Energía, S.A.",0,0,0,0,0,0
"308","pp","B82301250",NA,"GOLD PETROLEUM,  S.L.U.",2341.404,0.301322,9.104178,618324.66,5.44,618330.1
"309","g","W0068055C",1,"GOLDMAN SACHS INTERNATIONAL",0,0,0,0,0,0
"310","pp","A06445910",NA,"GREEN FUEL EXTREMADURA, S.A.",0,0,0,0,0,0
"311","pp","B98276983",1.3,"GRIP CARBURANTES, S.L.",0,0,0,0,0,0
"312","ee","A94071727",NA,"GRUPO ENERGALICIA,  S.A.",28.170999,0.003625,0.109538,7439.48,1.71,7441.19
"313","ee","B74303264",3,"GRUPO ENERGÉTICO  ASECOR, S.L.",0.003651,0,1.4e-05,0.96,NA,0.96
"314","pp","B76538271",NA,"GRUPO INSULAR OCEANO, S.L.U.",173.764688,0.022362,0.675656,45888.28,66.29,45954.57
"315","pp","B84811694",2,"GRUPO LAYNA GESTIÓN DE RESIDUOS, S.L.",0,0,0,0,NA,0
"316","g+pp","N0036358J",NA,"GUNVOR INTERNATIONAL B.V.",0,0,0,0,0,0
"317","ee","A73027930",NA,"HEFAMECOM,  S.A.U.",0.00072,0,3e-06,0.19,0,0.19
"318","ee","B81997439",NA,"HIDROELÉCTRICA DE SILLEDA, S.L.",20.446974,0.002631,0.079505,5399.7,7.67,5407.37
"319","ee","A33473752",NA,"HIDROELÉCTRICA DEL CANTÁBRICO,  S.A.",0,0,0,0,0,0
"320","ee","B25365180",NA,"HIDROELECTRICA DEL VALIRA, S.L.",62.851613,0.008089,0.244389,16598.03,22.14,16620.18
"321","ee","B82773888",NA,"HIDROELÉCTRICA EL CARMEN ENERGÍA, S.L.",18.628372,0.002397,0.072433,4919.43,0,4919.43
"322","ee","B15552060",NA,"HIDROELÉCTRICA LUMYMEY, S.L.",14.65,0.001885,0.056964,3868.81,5.11,3873.93
"323","pp","B63580609",3,"HISPAENERGY  PUERTOLLANO,  S.L.",0,0,0,0,0,0
"324","ee","5199666189",NA,"HOLDING SLOVENSKE  ELEKTRARNE  D.O.O.",0,0,0,0,0,0
"325","ee","B87034617",1,"HORECA ENERGÍA, S.L.",1.21668,0.000157,0.004731,321.3,0,321.3
"326","pp","B31335490",2.3,"I.G. FUEL TRADING, S.L.",0,0,0,0,NA,0
"327","ee+g","A95758389",NA,"IBERDROLA CLIENTES, S.A.U.",47345.296,6.092999,184.094681,12503081.16,16029.59,12519110.75
"328","ee+g","A95554630",NA,"IBERDROLA COMERCIALIZACIÓN DE ÚLTIMO RECURSO, S.A.U.",8963.236,1.153504,34.852123,2367036.99,3553.54,2370590.54
"329","ee+g","A95758371",NA,"IBERDROLA GENERACION  ESPAÑA S.A.U.",0,0,0,0,0,0
"330","ee+g","A95075586",NA,"IBERDROLA GENERACION,  S.A.U.",0,0,0,0,0,0
"331","g","A48010615",NA,"IBERDROLA, S.A.",0,0,0,0,0,0
"332","ee","B90037243",NA,"IBERELECTRICA  COMERCIALIZADORA, S.L.",13.997243,0.001801,0.054426,3696.43,0.04,3696.47
"333","ee","B12899589",NA,"IBEROELECTRA  3000, S.L.",184,0.023679,0.715455,48591.25,30.86,48622.1
"334","pp","N0106775J",NA,"IBEROL SOCIEDADE IBERICA DE BIOCOMBUSTÍVEIS E OLEAGINOSAS,  S.A.",0,0,0,0,0,0
"335","pp","B83401125",2.3,"ICOR TRADING, S.L.",0,0,0,0,NA,0
"336","ee","B 87290805",2.3,"IGNIS ENERGÍA S.L.",0,0,0,0,NA,0
"337","g","B87290805",1,"IGNIS ENERGIA, S.L.",0,0,0,0,0,0
"338","ee","B75106500",NA,"IM3 ENERGÍA, S.L.",5.558006,0.000715,0.021611,1467.77,0.12,1467.89
"339","pp","B31587074",NA,"IMPALA 2000, S.L.",592.219,0.076214,2.30275,156394.89,104.36,156499.25
"340","ee","B65993669",NA,"INDEXO ENERGIA, S.L.",57.374,0.007384,0.22309,15151.49,15.13,15166.62
"341","ee+g","B02494375",NA,"INER ENERGIA CASTILLA LA MANCHA, S.L.",32.480495,0.00418,0.126295,8577.54,4.67,8582.21
"342","ee+g","A73137788",1,"INGENIERÍA Y COMERCIALIZACIÓN DEL GAS, S.A.",1057.34,0.136072,4.111299,279225.37,372.97,279598.34
"343","ee","B70412473",NA,"INICIATIVA E. NOVA, S.L.",0.5977,7.7e-05,0.002324,157.84,0,157.84
"344","pp","B26397323",NA,"INICIATIVAS  BIOENERGÉTICAS, S.L.",0,0,0,0,0,0
"345","ee+g","B27779818",1,"INSERIMOS ENERGÍA, S.L.",3.213821,0.000414,0.012496,848.72,0,848.72
"346","ee","B76615970",NA,"INSIGNIA ENERGIA, S.L.",12.845,0.001653,0.049946,3392.14,1.65,3393.79
"347","ee","B95783924",1,"INTEGRACIÓN  EUROPEA DE ENERGÍA NORTE S.L.",0,0,0,0,NA,0
"348","ee","B19556299",1,"INTEGRACIÓN  EUROPEA DE ENERGÍA SUR, S.L.",0,0,0,0,0,0
"349","ee+g","A74340464",NA,"INTEGRACIÓN  EUROPEA DE ENERGIA, S.A.U.",368.04666,0.047365,1.431091,97194.81,35.79,97230.61
"350","pp","B13581392",2.3,"INVERSIONES  JADASH, S.L.",0,0,0,0,NA,0
"351","g","A83092684",NA,"INVESTIGACIÓN CRIOGENIA Y GAS, S.A.",654.422664,0.084219,2.544619,172821.81,70.21,172892.02
"352","g+pp","B27795111",2,"ITAL REFINING, S.L.",288.682966,0.037151,1.122498,76236.22,0,76236.22
"353","ee","13-3092284",NA,"J. ARON & COMPANY",0,0,0,0,0,0
"354","ee","B99192312",NA,"JORGE ENERGY, S.L.",1.679555,0.000216,0.006531,443.54,0,443.54
"355","g+pp","6858997",NA,"KOCH COMMODITIES  EUROPE LIMITED",0,0,0,0,0,0
"356","g","CHE112980714",NA,"KOCH SUPPLY & TRADING SARL",0,0,0,0,0,0
"357","pp","A79708277",NA,"KUWAIT PETROLEUM  ESPAÑA, S.A.",1626,0.209254,6.322443,429398.73,326.7,429725.43
"358","pp","B20513016",2,"L.H. COMMODITIES  & INVESTMENTS, S.L.",0,0,0,0,NA,0
"359","ee","B30001770",NA,"LA UNION ELECTRO INDUSTRIAL,  S.L. ""UNIPERSONAL""",61.726755,0.007944,0.240015,16300.98,13.62,16314.6
"360","ee+g","B22373948",NA,"LABOIL ENERGÍA, S.L.",22.590064,0.002907,0.087838,5965.65,6.2,5971.84
"361","g","B86926102",NA,"LEGAS IBERIA, S.L.",0,0,0,0,0,0
"362","pp","B87582292",2.3,"LIBERTIA PETROLEUM,  S.L.",0,0,0,0,NA,0
"363","pp","B84302454",3,"LINARES BIODIESEL TECHNOLOGY,  S.L.",0,0,0,0,0,0
"364","g","B25526732",NA,"LIQUID NATURAL GAZ, S.L.",760.126,0.097823,2.95563,200736.25,207.13,200943.38
"365","ee","B12573440",NA,"LLUM D'AÍN, S.L.",0.402,5.2e-05,0.001563,106.16,0.14,106.3
"366","ee","A28039469",NA,"LONJAS TECNOLOGIA,  S.A.",89.7,0.011544,0.348784,23688.23,8.21,23696.44
"367","pp","A28031144",3,"LOUIS DREYFUS COMMODITIES  ESPAÑA, S.A.",0,0,0,0,0,0
"368","pp","N0049239G",3,"LOUIS DREYFUS COMMODITIES  WITTENBERG  GMBH",0,0,0,0,0,0
"369","ee","B90038886",NA,"LUBALOO, S.L.",0.131697,1.7e-05,0.000512,34.78,0.01,34.79
"370","pp","NL810199881B01",NA,"LUKOIL BENELUX B.V.",2779.32472,0.357679,10.806964,733972.02,0,733972.02
"371","ee","B93400836",1,"LUVON ENERGÍA, S.L.",0,0,0,0,0,0
"372","ee","B87517017",2,"LUX FORUM, S.L.U.",0,0,0,0,NA,0
"373","pp","DE811120420",2,"MABANAFT DEUTSCHLAND  GmbH&Co.KG",0,0,0,0,NA,0
"374","pp","DE283692898",2,"MABANAFT  INTERNATIONAL GmbH&Co.KG",0,0,0,0,NA,0
"375","g","GB577 7048 00",1,"MACQUARIE  BANK LIMITED, LONDON BRANCH",0,0,0,0,0,0
"376","ee","B65142333",3,"MADRILEÑA SUMINISTRO  DE GAS, S.L.",14.209381,0.001829,0.055251,3752.45,324.82,4077.28
"377","ee","B57688731",3,"MALLORQUINA  DE ENERGÍAS, S.L.U.",2.603323,0.000335,0.010123,687.49,0.58,688.07
"378","pp","B18610741",2.3,"MARILLION, S.R.L.",0,0,0,0,NA,0
"379","ee","A12783460",2,"MARINA D'OR ENERGÍAS, S.A.",0,0,0,0,NA,0
"380","pp","B86876554",NA,"MASOL CARTAGENA  BIOFUEL, S.L.U.",0,0,0,0,0,0
"381","pp","B86762903",NA,"MASOL IBERIA BIOFUEL, S.L.",0,0,0,0,0,0
"382","ee","F42212696",2,"MEGARA ENERGÍA SOCIEDAD COOPERATIVA  CYL",0,0,0,0,NA,0
"383","pp","B87308490",1,"MENA ENERGY SPAIN, S.L.",0,0,0,0,0,0
"384","pp","253/431/352",NA,"MERCURIA BIOFUELS BRUNSBÜTTEL  GMBH&CO.KG",0,0,0,0,0,0
"385","pp","B85036606",NA,"MERCURIA ENERGÍA, S.L.",0,0,0,0,0,0
"386","ee","CHE111729324",NA,"MERCURIA ENERGY TRADING, S.A.",0,0,0,0,0,0
"387","g+pp","B66761941",2,"MERIDIUM PETROLEUM,  S.L.",0,0,0,0,NA,0
"388","pp","A60404910",NA,"MEROIL, S.A.",6584.138,0.847331,25.601377,1738757.99,2349.37,1741107.36
"389","g",NA,2.3,"MERRILL LYNCH INTERNATIONAL",0,0,0,0,NA,0
"390","g","A87612644",2,"MET ENERGIA ESPAÑA, S.A",0,0,0,0,NA,0
"391","g","CHE116272450",3,"MET INTERNATIONAL AG",0,0,0,0,0,0
"392","g","B64741127",NA,"METHANE LOGISTICS, S.L.",313.268,0.040315,1.218093,82728.71,100.26,82828.97
"393","ee","B99425191",1,"MI ELECTRICA, S.L.",0.5261,6.8e-05,0.002046,138.93,0,138.93
"394","pp","DE119438170",NA,"MITSUI & CO. DEUTSCHLAND  GMBH",0,0,0,0,NA,0
"395","g","A81466625",NA,"MOLGAS ENERGÍA, S.A.U.",764.208,0.098348,2.971502,201814.23,198.85,202013.09
"396","g","GB524252668",NA,"MORGAN STANLEY & CO. INTERNATIONAL PLC",0,0,0,0,0,0
"397","ee","B94130911",2,"MOSCOSO ENERGÍA S.L.",18.720735,0.002409,0.072793,4943.83,NA,4943.83
"398","ee+g","B99406944",NA,"MULTIENERGÍA  VERDE, S.L.",57.9,0.007451,0.225135,15290.4,1.04,15291.43
"399","g","A81655540",NA,"MULTISERVICIOS TECNOLÓGICOS, S.A.",7,0.000901,0.027218,1848.58,0,1848.58
"400","ee","B12820155",NA,"MUNICIPAL DE SERVICIOS VILLAHERMOSANA, S.L.",1.373455,0.000177,0.00534,362.71,0.46,363.16
"401","ee","B73817033",NA,"MY ENERGÍA ONER, S.L.",9.57558,0.001232,0.037233,2528.75,0.11,2528.86
"402","ee","A66585191",2.3,"NABALIA ENERGIA 2000 S.A.",0,0,0,0,NA,0
"403","ee","A82683434",NA,"NAVARRO GENERACION,  S.A.",0.028124,4e-06,0.000109,7.43,0.01,7.44
"404","pp","N8263329H",NA,"NAVIRES FUELS LIMITED",0,0,0,0,0,0
"405","ee","DK20293195",NA,"NEAS ENERGY A/S",0,0,0,0,20.72,20.72
"406","ee","B55522023",NA,"NEMON INTELLIGENCE  IN BUSINESS, S.L.",0.008965,1e-06,3.5e-05,2.37,0,2.37
"407","ee+g","B25512641",1,"NEOELECTRA  ENERGÍA, S.L.U.",0,0,0,0,0,0
"408","ee+g","A62332580",NA,"NEXUS ENERGIA, S.A.",2571.2,0.330895,9.997704,679009.85,690.36,679700.2
"409","ee+g","B98219868",NA,"NINOBE SERVICIOS ENERGÉTICOS, S.L.",34.77,0.004475,0.135198,9182.16,5.98,9188.14
"410","ee","B47732334",1,"NOBE SOLUCIONES  Y ENERGÍA, S.L.",1.915238,0.000246,0.007447,505.78,0,505.78
"411","ee+g","GB79916267",1.3,"NOBLE CLEAN FUELS LIMITED",0,0,0,0,0,0
"412","g","B13543731",NA,"NOVAGAS CRIOGENIA, S.L.",1.259,0.000162,0.004895,332.48,1.14,333.62
"413","ee+g","B99301822",NA,"NUEVA COMERCIALIZADORA ESPAÑOLA,  S.L.",0.7758,1e-04,0.003017,204.88,0.01,204.89
"414","ee","B90137316",1,"ODF ENERGÍA LIBRE COMERCIALIZADORA, S.L.",0,0,0,0,0,0
"415","ee","F94090792",1,"NOSA ENERXIA SOCIEDADE COOP GALEGA",0,NA,NA,NA,0,0
"416","ee","40486450",NA,"OFFICE NATIONAL DE L'ELECTRICITÉ  ET L'EAU POTABLE (ONEE)",0,0,0,0,0,0
"417","ee","B54737408",NA,"OLE GREEN ENERGY, S.L.U.",2.339864,0.000301,0.009098,617.92,0.09,618.01
"418","pp","A65316796",NA,"OLIVIA PETROLEUM,  S.A.",74.662,0.009608,0.290311,19716.95,0.86,19717.82
"419","ee+g","B91405084",NA,"ON DEMAND FACILITIES, S.L.U.",166.737447,0.021458,0.648332,44032.5,59.49,44091.99
"420","pp","B98838733",2.3,"OPERADOR SEGOMAR, S.L.",0,0,0,0,NA,0
"421","pp","A85093763",NA,"OPERADORA  PETROLÍFERA  DINOIL, S.A.",0,0,0,0,0,0
"422","pp","G09436619",NA,"OPERADORES  DE CASTILLA Y LEÓN, A.I.E.",406.883735,0.052363,1.582103,107451.02,190.51,107641.53
"423","g","B64885064",NA,"ORUS ENERGIA, S.L.",404.481,0.052054,1.57276,106816.5,106.23,106922.73
"424","g+pp","B24259103",2,"PASO HONROSO, S.L.",0,0,0,0,NA,0
"425","pp","B11905163",NA,"PENINSULA PETROLEUM,  S.L.U.",0,0,0,0,0,0
"426","pp","B14381990",NA,"PENTAGAS HIDROCARBUROS, S.L.U",398.9,0.051336,1.551059,105342.65,138.63,105481.28
"427","ee","B87047064",1,"PEPEENERGY,  S.L.",0.977216,0.000126,0.0038,258.07,0,258.07
"428","pp","B87557930",2.3,"PERSEOIL, S.L.U.",0,0,0,0,NA,0
"429","g","B36931426",NA,"PETRO MEETING POINT, S.L.",0,0,0,0,0,0
"430","g","N0039711G",NA,"PETROBRAS  GLOBAL TRADING B.V.",0,0,0,0,0,0
"431","pp","B86642998",NA,"PETROEUROPA, S.L.",1820.967866,0.234345,7.080545,480886.4,298.37,481184.77
"432","pp","N1091115D",2,"PETROINEOS  TRADING LIMITED",0,0,0,0,NA,0
"433","pp","B87423349",2.3,"PETROLARA,  S.L.U.",0,0,0,0,NA,0
"434","pp","A76513472",NA,"PETRÓLEOS  ARCHIPIÉLAGO, S.A.",650.435319,0.083706,2.529115,171768.82,225.12,171993.94
"435","pp","A48053243",NA,"PETRÓLEOS  DEL NORTE, S.A. (PETRONOR)",317.7,0.040886,1.235326,83899.12,9.18,83908.3
"436","pp","A38333316",NA,"PETROLÍFERA  CANARIA, S.A.",616.026,0.079278,2.395319,162681.91,227.68,162909.58
"437","pp","B83067991",3,"PETROLÍFERA  DUCAR, S.L.",0,0,0,0,0,0
"438","pp","B76012277",3,"PETROLOGIS  CANARIAS, S.L.",0,0,0,0,0,0
"439","pp","B87603478",2.3,"PETROLOIS,  S.L.",0,0,0,0,NA,0
"440","pp","B62856190",NA,"PETROMIRALLES 3, S.L.",5881.869,0.756954,22.870716,1553300.79,2520.06,1555820.84
"441","g","B31595523",NA,"PETRONAVARRA, S.L.",103.011241,0.013257,0.400543,27203.5,22.07,27225.58
"442","ee","B65940322",NA,"PETRONIEVES  ENERGIA 1, S.L.",24.61,0.003167,0.095692,6499.08,1.59,6500.67
"443","ee","B23709892",2,"PETROPRIX ENERGÍA, S.L.",0,0,0,0,NA,0
"444","ee","B19595677",2,"PHOTON GESTION S.L.",0,0,0,0,NA,0
"445","pp","B86501269",NA,"PLASTICENERGY ANDALUCÍA UNO, S.L.",9.79,0.00126,0.038067,2585.37,0,2585.37
"446","ee","B66527201",1,"PREMIUM NUEVA ENERGÍA, S.L.",0,0,0,0,0,0
"447","g","BE0508915349",NA,"PRIMA LNG N.V.",0,0,0,0,0,0
"448","g+glp","A61128013",NA,"PRIMAGAS ENERGIA, S.A.U.",335.837,0.04322,1.305849,88688.8,103.23,88792.02
"449","pp","B87509527",2.3,"PRIME COMMERCE,  S.L.",0,0,0,0,NA,0
"450","ee","B66477993",1,"PROT ENERGÍA COMERCIALIZACIÓN, S.L.",0.016313,2e-06,6.3e-05,4.31,0,4.31
"451","ee","B91794941",1,"PULSAR SERVICIOS ENERGÉTICOS,  S.L.",0,0,0,0,0,0
"452","g","A87102703",1,"REMICA COMERCIALIZADORA, S.A.",42.658,0.00549,0.165869,11265.25,0,11265.25
"453","ee","B87161543",1,"RENEWABLE VENTURES, S.L.",0,0,0,0,0,0
"454","g+glp","A28076420",NA,"REPSOL BUTANO, S.A.",12909.369426,1.661343,50.196037,3409143.19,4553.27,3413696.47
"455","g+pp","A80298839",NA,"REPSOL COMERCIAL DE PRODUCTOS PETROLIFEROS, S.A.",145578.132,18.734858,566.057499,38444689.4,50937.07,38495626.47
"456","g","A79787420",NA,"REPSOL LNG HOLDING, S.A",0,0,0,0,0,0
"457","pp","A28047223",NA,"REPSOL PETRÓLEO,  S.A.",594.4,0.076495,2.31123,156970.85,239.58,157210.43
"458","ee","A65376766",NA,"RESPIRA ENERGIA, S.A.",158,0.020333,0.614358,41725.09,36.42,41761.51
"459","ee","B98762107",1,"REYSE ENERGIA S.L.",0,0,0,0,NA,0
"460","ee","A61621843",NA,"ROFEICA ENERGÍA, S.A.",3.640881,0.000469,0.014157,961.49,0,961.49
"461","ee","B37500238",1,"RONDA OESTE ENERGÍA, S.L.",0,0,0,0,0,0
"462","g","DE813022070",NA,"RWE SUPPLY & TRADING GmbH (Sucursal en el Reino Unido)",0,0,0,0,0,0
"463","ee","A07088206",NA,"SAMPOL INGENIERÍA Y OBRAS, S.A.",64.001,0.008236,0.248858,16901.57,16.42,16917.99
"464","g","500883750",1,"ROLEAR - Automatizações,  Estudos e Representações,  S.A.",0,NA,NA,NA,NA,0
"465","pp","B90202698",1,"SANVEZ HIDROCARBUROS, S.L.",16.4302,0.002114,0.063886,4338.93,0,4338.93
"466","pp","A80503105",NA,"SARAS ENERGÍA, S.A.",13189.94,1.69745,51.286992,3483237.07,4818.2,3488055.27
"467","pp","FR53490348141",NA,"SAS NORD-ESTER",0,0,0,0,0,0
"468","pp","B93352359",2,"SERVICIOS OMARPAR 2014, S.L.",0,0,0,0,NA,0
"469","ee","A22004675",NA,"SERVICIOS URBANOS DE CERLER, S.A.",1.07815,0.000139,0.004192,284.72,0.41,285.13
"470","ee+g","A99262610",NA,"SERVIGAS S. XXI, S.A.",506.36632,0.065166,1.968925,133722.67,133.97,133856.64
"471","pp","B86358520",NA,"SHELL & DISA AVIATION ESPAÑA, S.L.",15.9,0.002046,0.061825,4198.92,14.81,4213.73
"472","ee+g","GB 235763255",NA,"SHELL ENERGY TRADING LIMITED",0,0,0,0,0,0
"473","ee+g+pp","A28013522",NA,"SHELL ESPAÑA, S.A.",309.27,0.039801,1.202547,81672.91,189.45,81862.36
"474","g","A83303776",NA,"SHELL SPAIN LNG, S.A.",0,0,0,0,0,0
"475","pp","A80097207",3,"SIERRA CAMEROS, S.A.",0,0,0,0,0,0
"476","pp","A55524086",NA,"SIMON GRUP TRADE, S.A.",941.59,0.121176,3.661224,248657.78,445.11,249102.89
"477","pp","B98790330",2,"SKT OIL, S.L.",0,0,0,0,NA,0
"478","pp","F47005368",NA,"SOCIEDAD COOPERATIVA  GENERAL AGROPECUARIA  ACOR",0,0,0,0,0,0
"479","ee+g","A36000073",NA,"SOCIEDAD ELECTRICISTA  DE TUY, S.A.",38.430153,0.004946,0.14943,10148.74,15.76,10164.5
"480","pp","A58415779",NA,"SOCIETAT CATALANA DE PETROLIS S.A. (PETROCAT)",2385.2388,0.306963,9.274623,629900.68,701.51,630602.19
"481","ee","B25583147",NA,"SOCIETAT MUNICIPAL DE DISTRIBUCIÓ  ELÉCTRICA DE TIRVIA, S.L.",0.347885,4.5e-05,0.001353,91.87,0.13,92
"482","ee","B18831842",1,"SOLAR EUROPE ANDALUCÍA, S.L.",0,0,0,0,0,0
"483","ee","B93257640",NA,"SOLELEC IBÉRICA, S.L.",43.092146,0.005546,0.167557,11379.9,3.65,11383.55
"484","ee","F55091367",NA,"SOM ENERGÍA, S.C.C.L.",79.8747,0.010279,0.31058,21093.54,16.02,21109.56
"485","g","A84689272",NA,"SONATRACH GAS COMERCIALIZADORA, S.A.",1682.88934,0.216576,6.543649,444422.23,507.62,444929.85
"486","pp","B87560025",2.3,"SONOIL OPERADORA,  S.L.",0,0,0,0,NA,0
"487","pp","B04777868",NA,"SOPHIM IBERIA, S.L.",0,0,0,0,0,0
"488","ee","B85114098",NA,"STAGIONI ENERGIA RENOVABLES,  S.L.",9.351257,0.001203,0.036361,2469.51,1.25,2470.76
"489","ee","DE204011192",NA,"STATKRAFT  MARKETS GmbH",0,0,0,0,0,0
"490","g","NO923609016MVA",NA,"STATOIL ASA",0,0,0,0,0,0
"491","pp","B62441266",NA,"STRATUS OIL COMPANY, S.L.",0,0,0,0,0,0
"492","ee","B76200070",1,"SUMINISTRADORA ELÉCTRICA VIENTOS ALISIOS DE LANZAROTE,  S.L.",8.014725,0.001031,0.031164,2116.55,0,2116.55
"493","ee","F46004834",NA,"SUMINISTROS  ESPECIALES  ALGINETENSES COOP. V.",30.61004,0.003939,0.119022,8083.59,10.47,8094.06
"494","ee","B55615009",NA,"SUNAIR ONE ENERGY EVOLUTION, S.L.",0,0,0,0,0,0
"495","ee","B55567986",NA,"SUNAIR ONE ENERGY, S.L.",414.58,0.053353,1.612029,109483.47,105.7,109589.17
"496","ee","B55641708",NA,"SUNAIR ONE HOME, S.L.",0,0,0,0,0,0
"497","pp","NL819259652B01",NA,"SUNOIL BIO FUELS, BV",0,0,0,0,0,0
"498","ee+g","A75128660",2,"SWAP ENERGIA, S.A.",0,0,0,0,NA,0
"499","ee","B86048667",NA,"SWITCH ENERGY, S.L.",0.013866,2e-06,5.4e-05,3.66,0,3.67
"500","ee","B99275851",NA,"SYDER COMERCIALIZADORA VERDE, S.L.",51.221427,0.006592,0.199166,13526.7,22.62,13549.32
"501","ee","B25616970",NA,"TALARN DISTRIBUCIO  MUNICIPAL ELECTRICA S.L.U.",0.525775,6.8e-05,0.002044,138.85,0.19,139.04
"502","pp","A80126881",NA,"TAMOIL ESPAÑA, S.A.",503.001,0.064733,1.95584,132833.94,185.45,133019.39
"503","ee","B97887848",NA,"TECNOS INGENIEROS  OBRA CIVIL, HIDRÁULICA  E INSTALACIONES, S.L.L.",0,0,0,0,0,0
"504","ee","A78053147",NA,"TELEFÓNICA  SOLUCIONES  DE INFORMÁTICA  Y COMUNICACIONES DE ESPAÑA, S.A.U.",92.722896,0.011933,0.360538,24486.53,0,24486.53
"505","ee","B52031168",NA,"TERAMELCOR,  S.L.",0.007243,1e-06,2.8e-05,1.91,0,1.91
"506","ee","B65510646",NA,"THE ENERGY HOUSE GROUP, S.L.",0.006517,1e-06,2.5e-05,1.72,0,1.72
"507","ee","B66027731",NA,"THE YELLOW ENERGY, S.L.",0.113,1.5e-05,0.000439,29.84,0,29.84
"508","pp","A28131571",NA,"TOTAL ESPAÑA, S.A.",0,0,0,0,0,0
"509","pp","FR12348103106",NA,"TOTAL EUROPEAN TRADING",0,0,0,0,0,0
"510","ee+g","689638949",3,"TOTAL GAS & POWER LIMITED",0,0,0,0,0,0
"511","ee","A66531013",1,"TRADE UNIVERSAL ENERGY, S.A.",0,0,0,0,0,0
"512","pp","B66814591",2.3,"TRADEA BROS OPERADOR PETROLÍFERO,  S.L.",0,0,0,0,NA,0
"513","g","199601595D",NA,"TRAFIGURA PTE, LTD",0,0,0,0,0,0
"514","ee+g","DE289523572",NA,"TRAILSTONE  GMBH",0,0,0,0,0,0
"515","pp","B87582235",2.3,"TRANSALPINA  DE PETRÓLEOS,  S.L.",0,0,0,0,NA,0
"516","pp","BE0402405686",NA,"TRANSCOR ENERGY, S.A.",0,0,0,0,0,0
"517","pp","A28587327",3,"TRANSPORTES  Y SERVICIOS DE MINERÍA, S.A. ( TRASEMISA )",0,0,0,0,4.91,4.91
"518","ee","B66277138",1,"UNIC GLOBAL-LOGISTICS, S.L.",0,0,0,0,0,0
"519","ee","A14944276",NA,"UNIELÉCTRICA  ENERGÍA, S.A.",448.553,0.057726,1.744127,118455.16,76.85,118532.01
"520","g","A82539594",NA,"UNIÓN FENOSA GAS COMERCIALIZADORA,S.A.",6102,0.785283,23.72666,1611433.61,2609.68,1614043.28
"521","ee+g","DE192205313",NA,"UNIPER GLOBAL COMMODITIES  S.E.",0,0,0,0,0,0
"522","glp","A62549126",2,"UNIVERSAL GASWORKS,  S.A.",0,0,0,0,NA,0
"523","ee","B96599006",1,"V3J INGENIERIA Y SERVICIOS, S.L.",0.100287,1.3e-05,0.00039,26.48,0,26.48
"524","pp","B24562837",NA,"VECENERGY BIOFUELS TORENO, S.L.",0,0,0,0,3.9,3.9
"525","pp","B90234311",2,"VENTA DE CARBURANTES  DEL SUR, S.L.U.",0,0,0,0,NA,0
"526","ee","B98476922",NA,"VERTSEL ENERGIA, S.L.U.",208.71,0.026859,0.811536,55116.73,30.07,55146.8
"527","ee","B39702436",NA,"VIESGO COMERCIALIZADORA DE REFERENCIA,  S.L.",386.53,0.049744,1.502961,102075.95,158.32,102234.27
"528","ee+g","B39540760",NA,"VIESGO ENERGÍA, S.L.",9940.55,1.279277,38.652254,2625128.87,3722.23,2628851.1
"529","ee+g","B62733126",NA,"VIESGO GENERACIÓN,  S.L.",0,0,0,0,0,0
"530","ee+g","B85253888",NA,"VILLAR MIR ENERGIA, S.L.",1371,0.176438,5.330916,362057.6,522.36,362579.96
"531","g","B87205977",1,"VITA CAPITAL TRADING, S.L.",0,0,0,0,0,0
"532","pp","DE248288296",NA,"VITAL FETTRECYCLING, GMBH",0,0,0,0,0,0
"533","g+glp","A81716706",NA,"VITOGAS ESPAÑA, S.A.U.",423.26,0.054471,1.645779,111775.71,-15786.8,95988.91
"534","g","N0392231G",NA,"VITOL, S.A.",0,0,0,0,0,0
"535","ee","B65800245",NA,"VÓLTICO ENERGÍA, S.L.",2.922256,0.000376,0.011363,771.72,0.4,772.12
"536","ee+g","B86755147",NA,"WATIO WHOLESALE,  S.L.",19.2236,0.002474,0.074748,5076.62,0.34,5076.96
"537","ee","B86459260",NA,"WATIUM, S.L.",153.89755,0.019806,0.598406,40641.71,32.69,40674.39
"538","ee","A84000884",NA,"WIND TO MARKET, S.A.",0,0,0,0,0,0
"539","g","B85057123",1,"YADE JORMAN ESPAÑA S.L.",2.22,0.000286,0.008632,586.26,0,586.26
"540","ee","B73727927",NA,"ZELTRIA ENERGÍA, S.L.",10.3,0.001326,0.04005,2720.05,2.29,2722.34
"541","ee","F93157717",NA,"ZENCER, S. COOP. AND",5.582611,0.000718,0.021707,1474.27,1.3,1475.57
"542","g","B99340564",NA,"ZERCLO ENERGIA, S.L.",1.02,0.000131,0.003966,269.36,0,269.36
